month,DE,SK,PL,FR,AT,IT,HU,NL,GB,ES,BE,SE,RO,CH,SI,TR,US,CN,RU,UA,BG,HR,GR,DK,FI,NO,PT,LT,LV,IE
2010-01,54779.0,14014.0,9931.0,9580.0,7797.0,8454.0,4005.0,6067.0,7956.0,4354.0,4518.0,2297.0,1534.0,2468.0,868.0,1040.0,1838.0,1106.0,2949.0,803.0,716.0,389.0,660.0,1129.0,977.0,862.0,521.0,584.0,137.0,356.0
2010-02,56887.0,15588.0,10764.0,9784.0,8313.0,9253.0,4131.0,6027.0,7628.0,5014.0,4823.0,2434.0,1648.0,2393.0,960.0,1026.0,2732.0,1300.0,3538.0,850.0,589.0,474.0,679.0,1273.0,1012.0,947.0,600.0,351.0,208.0,367.0
2010-03,67474.0,18735.0,12699.0,11330.0,10215.0,9667.0,4830.0,6540.0,8427.0,5001.0,5282.0,2881.0,1896.0,2766.0,1133.0,1311.0,3396.0,1683.0,4155.0,2246.0,754.0,529.0,552.0,1365.0,848.0,923.0,604.0,397.0,255.0,451.0
2010-04,61321.0,17708.0,12570.0,10617.0,10220.0,9279.0,4644.0,6630.0,7817.0,5023.0,4366.0,2685.0,1946.0,2702.0,1028.0,1193.0,3052.0,1558.0,4197.0,1193.0,852.0,560.0,512.0,1421.0,770.0,869.0,670.0,395.0,196.0,447.0
2010-05,62772.0,17772.0,13359.0,10791.0,10157.0,9460.0,4940.0,6622.0,8457.0,5407.0,4340.0,2844.0,2087.0,2638.0,1258.0,1368.0,3177.0,1741.0,4250.0,1044.0,630.0,576.0,543.0,1712.0,915.0,831.0,1091.0,404.0,211.0,415.0
2010-06,65853.0,18938.0,13738.0,12153.0,10698.0,9997.0,4949.0,7164.0,8567.0,5867.0,4545.0,3097.0,2171.0,3286.0,1095.0,1546.0,3431.0,1700.0,5167.0,1413.0,733.0,578.0,475.0,1622.0,1118.0,1086.0,784.0,470.0,222.0,395.0
2010-07,59301.0,17495.0,12434.0,11276.0,9364.0,8608.0,4602.0,6280.0,8245.0,3896.0,3451.0,1996.0,2002.0,2508.0,917.0,1331.0,3306.0,1521.0,4722.0,1175.0,674.0,608.0,405.0,1411.0,978.0,723.0,728.0,457.0,170.0,275.0
2010-08,62745.0,17726.0,13310.0,7491.0,10182.0,6151.0,4780.0,6174.0,8073.0,3006.0,4129.0,2899.0,1881.0,2951.0,1031.0,1212.0,3100.0,1542.0,5542.0,1269.0,852.0,594.0,391.0,1418.0,958.0,903.0,506.0,650.0,306.0,304.0
2010-09,72004.0,19760.0,14344.0,10748.0,11413.0,8965.0,5195.0,7444.0,8738.0,4740.0,4849.0,3731.0,2833.0,3321.0,1090.0,1532.0,3429.0,1537.0,6233.0,1454.0,773.0,1336.0,518.0,1663.0,1128.0,985.0,640.0,510.0,445.0,346.0
2010-10,72120.0,20998.0,14782.0,10794.0,10656.0,8757.0,5188.0,7441.0,9365.0,4722.0,4726.0,3220.0,2660.0,3420.0,1080.0,1842.0,3330.0,1739.0,4646.0,1365.0,794.0,594.0,470.0,1590.0,1315.0,1396.0,619.0,541.0,369.0,319.0
2010-11,74909.0,22343.0,14941.0,10762.0,11102.0,9221.0,5871.0,6543.0,9378.0,5403.0,4998.0,3477.0,2733.0,3558.0,1044.0,1594.0,3540.0,1838.0,6136.0,1547.0,1028.0,762.0,527.0,1504.0,1333.0,1130.0,736.0,567.0,340.0,458.0
2010-12,60031.0,20033.0,12932.0,9788.0,8566.0,7960.0,4215.0,6689.0,7428.0,3900.0,4158.0,2919.0,2203.0,2535.0,1025.0,1751.0,3349.0,1848.0,5171.0,1685.0,739.0,748.0,359.0,1167.0,918.0,926.0,626.0,494.0,292.0,446.0
2011-01,66464.0,18463.0,13509.0,11739.0,9846.0,9039.0,4723.0,7100.0,8932.0,4604.0,5007.0,3326.0,2175.0,3359.0,1034.0,1458.0,3578.0,1668.0,4221.0,974.0,648.0,483.0,400.0,1317.0,1326.0,1093.0,769.0,435.0,209.0,772.0
2011-02,66090.0,18916.0,13806.0,11868.0,9599.0,9266.0,4757.0,6612.0,7427.0,4974.0,4933.0,3007.0,2212.0,2978.0,1097.0,1478.0,3196.0,1611.0,4846.0,1275.0,574.0,489.0,409.0,1275.0,1137.0,747.0,633.0,470.0,253.0,352.0
2011-03,76491.0,22212.0,15856.0,12570.0,11542.0,11031.0,5796.0,7716.0,9748.0,5225.0,5736.0,3697.0,2595.0,3641.0,1277.0,1843.0,4098.0,2036.0,6335.0,1464.0,703.0,737.0,464.0,1607.0,1368.0,1058.0,729.0,740.0,318.0,369.0
2011-04,65526.0,20008.0,14782.0,12323.0,11301.0,9230.0,4941.0,7128.0,8553.0,4736.0,5008.0,3182.0,2248.0,3153.0,1047.0,1684.0,3345.0,1847.0,4880.0,1352.0,809.0,683.0,416.0,1509.0,1266.0,1037.0,681.0,495.0,204.0,396.0
2011-05,73125.0,22595.0,15147.0,12428.0,11613.0,9625.0,5351.0,7144.0,8566.0,4980.0,5203.0,3375.0,2210.0,3161.0,1115.0,1752.0,3836.0,1833.0,5692.0,1470.0,675.0,647.0,566.0,1523.0,1181.0,1165.0,666.0,534.0,303.0,336.0
2011-06,69830.0,22203.0,15344.0,12633.0,10726.0,9672.0,5522.0,7241.0,8902.0,5206.0,4980.0,3393.0,2328.0,3402.0,1104.0,1752.0,4073.0,2002.0,6367.0,1627.0,686.0,638.0,609.0,1741.0,1154.0,1101.0,830.0,546.0,291.0,324.0
2011-07,63943.0,19547.0,13840.0,10364.0,10264.0,8960.0,5145.0,6878.0,8620.0,3852.0,3997.0,2308.0,1999.0,2700.0,1052.0,1326.0,3462.0,1859.0,5314.0,1306.0,662.0,772.0,475.0,1435.0,915.0,1105.0,476.0,530.0,220.0,363.0
2011-08,66867.0,21396.0,14647.0,8078.0,10296.0,6451.0,4656.0,5882.0,7375.0,3289.0,4447.0,2776.0,2201.0,3118.0,945.0,1447.0,3884.0,1921.0,6211.0,1740.0,664.0,706.0,381.0,1432.0,975.0,1024.0,487.0,529.0,263.0,330.0
2011-09,73578.0,22152.0,15517.0,12343.0,11239.0,9952.0,5387.0,7206.0,8681.0,5317.0,5615.0,3610.0,2596.0,3749.0,1309.0,1676.0,4415.0,2071.0,7730.0,2161.0,835.0,723.0,447.0,1787.0,1134.0,1276.0,592.0,580.0,312.0,388.0
2011-10,74599.0,22992.0,15315.0,12865.0,11058.0,9704.0,5343.0,7517.0,8948.0,4879.0,5188.0,3442.0,2508.0,3342.0,1178.0,1679.0,4173.0,2111.0,7514.0,1985.0,849.0,678.0,423.0,1806.0,1094.0,1379.0,919.0,582.0,370.0,364.0
2011-11,76973.0,24843.0,16049.0,11940.0,11717.0,9636.0,6004.0,6869.0,9488.0,4967.0,5215.0,3271.0,2444.0,3408.0,1196.0,1743.0,4693.0,2141.0,8438.0,2389.0,883.0,796.0,489.0,1759.0,1139.0,1170.0,504.0,584.0,396.0,421.0
2011-12,63009.0,21819.0,13940.0,9649.0,9033.0,7521.0,5003.0,6093.0,7015.0,3675.0,4458.0,2737.0,1970.0,2783.0,892.0,1532.0,4383.0,2061.0,8044.0,2295.0,734.0,619.0,396.0,1261.0,845.0,769.0,385.0,595.0,343.0,700.0
2012-01,73420.0,19763.0,14342.0,12719.0,10012.0,9192.0,4678.0,7079.0,9800.0,4706.0,5876.0,3103.0,2224.0,3337.0,1068.0,2213.0,5132.0,2577.0,7065.0,1693.0,927.0,550.0,433.0,1472.0,1149.0,1124.0,1305.0,810.0,470.0,781.0
2012-02,73985.0,21427.0,14994.0,12398.0,10495.0,9066.0,5403.0,6483.0,10078.0,5181.0,5611.0,3417.0,2429.0,3376.0,1074.0,1920.0,5031.0,2576.0,8142.0,2049.0,1003.0,766.0,450.0,1448.0,1235.0,1186.0,536.0,743.0,538.0,816.0
2012-03,77418.0,23605.0,16228.0,13177.0,11898.0,9997.0,5226.0,7109.0,10944.0,5464.0,6307.0,3846.0,2909.0,3956.0,1169.0,2323.0,5643.0,2850.0,9810.0,3060.0,1153.0,798.0,382.0,1918.0,1125.0,1314.0,625.0,897.0,301.0,514.0
2012-04,70378.0,21809.0,14437.0,12403.0,11256.0,8615.0,5014.0,6041.0,10059.0,4379.0,5319.0,3208.0,2401.0,3253.0,1052.0,2210.0,5196.0,2267.0,7868.0,3293.0,897.0,568.0,310.0,1639.0,1052.0,1175.0,497.0,901.0,314.0,386.0
2012-05,71645.0,23842.0,14605.0,10927.0,11104.0,9318.0,5448.0,6381.0,9452.0,5146.0,5097.0,3140.0,2596.0,3421.0,1188.0,2387.0,5367.0,2676.0,9820.0,2110.0,1082.0,709.0,330.0,1729.0,1216.0,1294.0,788.0,782.0,365.0,387.0
2012-06,72660.0,22853.0,14278.0,12005.0,11200.0,8661.0,5256.0,6379.0,9964.0,5167.0,5697.0,3508.0,2640.0,3632.0,1078.0,2753.0,6024.0,2436.0,9203.0,2427.0,910.0,650.0,400.0,1758.0,1029.0,1387.0,592.0,709.0,578.0,504.0
2012-07,69079.0,21575.0,13568.0,10910.0,10691.0,7761.0,5194.0,5401.0,9394.0,3802.0,4573.0,2082.0,2436.0,3306.0,869.0,2250.0,5266.0,2362.0,8189.0,2256.0,998.0,668.0,384.0,1555.0,856.0,975.0,790.0,775.0,433.0,450.0
2012-08,66815.0,22425.0,14084.0,8217.0,10494.0,5568.0,5481.0,5768.0,9142.0,3409.0,4820.0,2974.0,2470.0,3200.0,857.0,2311.0,5299.0,2078.0,8789.0,2628.0,1036.0,765.0,311.0,1679.0,937.0,1017.0,460.0,891.0,474.0,314.0
2012-09,72574.0,23364.0,14851.0,10393.0,11535.0,7937.0,5326.0,5740.0,10694.0,4327.0,5559.0,3297.0,2802.0,3540.0,1008.0,2125.0,4826.0,1927.0,9444.0,2434.0,941.0,601.0,421.0,1674.0,881.0,1191.0,519.0,812.0,389.0,391.0
2012-10,76351.0,26519.0,16843.0,11151.0,13151.0,8008.0,5774.0,6153.0,10768.0,5030.0,5759.0,3396.0,3049.0,3671.0,1113.0,3011.0,5790.0,2315.0,10595.0,2754.0,1076.0,719.0,499.0,1479.0,1043.0,1204.0,601.0,957.0,439.0,720.0
2012-11,76404.0,25239.0,15604.0,11603.0,11796.0,8252.0,5856.0,5546.0,10770.0,4537.0,5506.0,3350.0,2960.0,3831.0,1053.0,2613.0,5187.0,2200.0,10100.0,2967.0,1316.0,612.0,437.0,1900.0,1120.0,1253.0,548.0,1276.0,547.0,640.0
2012-12,53074.0,19897.0,11915.0,8703.0,8673.0,6505.0,4614.0,4583.0,8380.0,3041.0,4533.0,2287.0,2186.0,2518.0,794.0,1878.0,4400.0,2337.0,7141.0,2270.0,1243.0,630.0,482.0,1451.0,789.0,852.0,308.0,797.0,317.0,453.0
2013-01,66618.0,20605.0,13903.0,10551.0,10018.0,7517.0,5585.0,5200.0,10393.0,4927.0,5747.0,2785.0,2378.0,2999.0,987.0,2376.0,4489.0,1966.0,8319.0,1740.0,830.0,592.0,340.0,1486.0,911.0,1112.0,816.0,832.0,508.0,789.0
2013-02,67735.0,21066.0,13735.0,10453.0,10054.0,8292.0,5391.0,4799.0,10366.0,4939.0,5428.0,2800.0,2683.0,3065.0,984.0,3045.0,4216.0,2374.0,8304.0,2221.0,833.0,604.0,316.0,1413.0,985.0,1248.0,478.0,732.0,529.0,435.0
2013-03,73563.0,22119.0,14809.0,11669.0,10731.0,9209.0,5264.0,5569.0,10366.0,4914.0,5682.0,3224.0,2887.0,3113.0,1146.0,3543.0,5173.0,2339.0,8307.0,2270.0,966.0,833.0,459.0,1621.0,1090.0,1226.0,598.0,909.0,762.0,454.0
2013-04,74471.0,22377.0,14746.0,11555.0,12804.0,8945.0,5713.0,5425.0,9989.0,5050.0,5791.0,3170.0,2950.0,3101.0,1018.0,2979.0,4896.0,2678.0,8699.0,2780.0,1108.0,634.0,375.0,1542.0,1081.0,1047.0,826.0,849.0,520.0,967.0
2013-05,69816.0,23504.0,14533.0,11247.0,11160.0,9261.0,5806.0,5366.0,9886.0,5220.0,5607.0,3490.0,2978.0,3184.0,1207.0,3073.0,4922.0,2944.0,8959.0,2368.0,1296.0,927.0,491.0,1535.0,1042.0,1067.0,613.0,1061.0,452.0,464.0
2013-06,70909.0,21797.0,15038.0,11417.0,10788.0,8719.0,5773.0,5376.0,11181.0,5164.0,5183.0,3019.0,2819.0,3442.0,1008.0,2592.0,4791.0,2863.0,8852.0,2273.0,1651.0,729.0,443.0,1573.0,1088.0,989.0,556.0,1025.0,486.0,469.0
2013-07,70715.0,21262.0,14300.0,11418.0,11115.0,8549.0,6081.0,4915.0,10208.0,4485.0,4870.0,2329.0,2889.0,3112.0,919.0,2892.0,5180.0,2694.0,8625.0,2322.0,1127.0,630.0,323.0,1420.0,798.0,925.0,576.0,942.0,426.0,464.0
2013-08,69936.0,21405.0,14214.0,9155.0,10529.0,5693.0,5621.0,4762.0,10234.0,3845.0,5116.0,3487.0,2772.0,3612.0,976.0,2860.0,4915.0,2386.0,7801.0,2633.0,957.0,603.0,303.0,1677.0,978.0,1279.0,487.0,835.0,510.0,386.0
2013-09,79969.0,24074.0,15903.0,12088.0,11999.0,9291.0,6489.0,5576.0,12218.0,5033.0,6106.0,3729.0,3216.0,3931.0,1084.0,2770.0,5381.0,2733.0,8461.0,2555.0,1199.0,623.0,382.0,1698.0,1261.0,1266.0,620.0,975.0,482.0,506.0
2013-10,81924.0,26740.0,16297.0,12380.0,12791.0,8890.0,7060.0,5934.0,12057.0,5594.0,6288.0,3665.0,3490.0,3776.0,1199.0,3493.0,5713.0,2857.0,10308.0,2463.0,1268.0,669.0,469.0,2230.0,1231.0,1554.0,714.0,999.0,533.0,754.0
2013-11,85141.0,26472.0,16226.0,12081.0,12511.0,9053.0,7404.0,6062.0,11339.0,5713.0,6484.0,3372.0,3550.0,4062.0,1304.0,3562.0,5191.0,2528.0,9750.0,2667.0,1460.0,733.0,444.0,3059.0,1200.0,1353.0,848.0,1008.0,477.0,824.0
2013-12,63303.0,23042.0,13591.0,9946.0,9474.0,7377.0,5791.0,5393.0,8365.0,4263.0,5395.0,2795.0,2915.0,3263.0,1020.0,2736.0,5135.0,2603.0,7442.0,2741.0,1024.0,611.0,409.0,2661.0,1032.0,913.0,462.0,1027.0,409.0,683.0
2014-01,82502.0,22317.0,15148.0,12960.0,11146.0,8917.0,6846.0,5764.0,13379.0,5911.0,5893.0,3554.0,3268.0,3540.0,1125.0,3721.0,5008.0,2589.0,8269.0,1918.0,991.0,601.0,425.0,3239.0,1342.0,1064.0,817.0,735.0,340.0,832.0
2014-02,81739.0,22065.0,16068.0,12080.0,12661.0,9337.0,6662.0,5600.0,12586.0,6320.0,6035.0,3579.0,3277.0,3580.0,1113.0,3000.0,5175.0,2441.0,8213.0,1567.0,1301.0,687.0,377.0,2999.0,1220.0,979.0,756.0,826.0,334.0,705.0
2014-03,88016.0,25066.0,16919.0,13196.0,12498.0,10801.0,7540.0,6165.0,12900.0,6932.0,6943.0,3989.0,3354.0,4064.0,1236.0,3153.0,5307.0,2658.0,8355.0,1625.0,1562.0,885.0,433.0,3678.0,1278.0,1334.0,903.0,1043.0,400.0,632.0
2014-04,84929.0,24669.0,16942.0,12741.0,12586.0,9767.0,7561.0,6201.0,11841.0,6230.0,6781.0,3686.0,3514.0,3807.0,1181.0,3206.0,5844.0,2724.0,8695.0,1404.0,1518.0,893.0,487.0,3322.0,1465.0,1176.0,926.0,1128.0,386.0,802.0
2014-05,84058.0,24220.0,15888.0,11815.0,11745.0,10328.0,7444.0,6228.0,11755.0,6594.0,5962.0,3847.0,3342.0,3769.0,1162.0,2617.0,5649.0,2673.0,7980.0,1390.0,1922.0,1073.0,447.0,2698.0,1153.0,975.0,841.0,1018.0,366.0,465.0
2014-06,83430.0,25164.0,16444.0,13609.0,11946.0,10598.0,7579.0,6000.0,13351.0,6808.0,6898.0,3574.0,3414.0,3939.0,1383.0,2749.0,6171.0,2662.0,9220.0,1527.0,1795.0,798.0,417.0,2723.0,1318.0,1176.0,796.0,866.0,393.0,745.0
2014-07,86958.0,23851.0,17570.0,13813.0,11875.0,10144.0,7585.0,6282.0,13299.0,5959.0,6019.0,2933.0,3477.0,4101.0,1354.0,2568.0,5871.0,2802.0,9605.0,1504.0,1624.0,878.0,542.0,2896.0,1356.0,1132.0,899.0,943.0,487.0,667.0
2014-08,72336.0,22300.0,14712.0,10043.0,9761.0,6611.0,6048.0,5185.0,10598.0,3573.0,5008.0,3026.0,2814.0,3390.0,945.0,2148.0,5119.0,2768.0,7402.0,1160.0,1717.0,673.0,390.0,2303.0,1100.0,973.0,494.0,1157.0,419.0,491.0
2014-09,94463.0,27000.0,18688.0,14409.0,12701.0,10850.0,7852.0,6993.0,13696.0,6591.0,6726.0,4191.0,3790.0,4841.0,1440.0,3149.0,6450.0,3048.0,8682.0,1381.0,1399.0,897.0,489.0,3063.0,1359.0,1334.0,822.0,946.0,483.0,463.0
2014-10,92388.0,28292.0,19714.0,14541.0,13176.0,10191.0,8241.0,6876.0,13736.0,7313.0,7370.0,3849.0,3930.0,4223.0,1233.0,3567.0,6608.0,3039.0,8399.0,1515.0,1564.0,846.0,504.0,3034.0,1356.0,1395.0,923.0,964.0,540.0,793.0
2014-11,88688.0,27072.0,18332.0,12793.0,11908.0,9741.0,8309.0,6725.0,12570.0,6834.0,6238.0,3541.0,3738.0,3707.0,1292.0,3369.0,6002.0,2862.0,7415.0,1655.0,1844.0,839.0,579.0,2791.0,1407.0,1255.0,1003.0,1003.0,742.0,848.0
2014-12,70827.0,25125.0,15514.0,11539.0,9395.0,7997.0,6452.0,6198.0,10506.0,5121.0,5333.0,2997.0,2988.0,3702.0,1170.0,2791.0,6363.0,3392.0,6827.0,1470.0,1283.0,886.0,597.0,2391.0,1205.0,1092.0,641.0,808.0,417.0,813.0
2015-01,83175.584003,23832.743219,15478.819067,12925.040017,10778.526737,9436.71772,7962.714379,5746.348591,13798.558222,7233.211337,6515.11267,3571.383385,3284.829704,4029.221186,1183.070782,3284.102428,6062.044459,2758.550655,4843.409585,804.008913,1206.478599,876.812763,464.33434,2141.444196,1454.779592,1184.457914,853.908773,766.899311,347.220799,1115.202721
2015-02,86352.594582,25405.305474,16663.286068,12252.558877,11309.232328,9602.46316,8234.553145,6133.02101,14563.436165,7016.471333,6353.049762,3525.979258,3371.743735,4344.030653,1149.062014,3328.300275,5766.888141,2887.47304,5111.665526,974.820986,1239.650874,942.838912,543.785346,2145.208341,1311.695075,1108.537999,864.020651,765.357317,475.097217,876.755531
2015-03,96165.338076,28983.901075,19004.959901,15000.855869,12838.806875,10806.800363,9112.704839,7233.119435,15191.52978,7094.463245,6863.715076,3999.281719,3995.142543,4806.726973,1318.861934,3333.248931,7000.501538,3342.25625,5567.487289,936.254889,1962.380499,966.551201,614.398355,2260.254881,1451.379272,1354.621811,1024.209393,857.712999,446.886049,902.412514
2015-04,89020.429753,26199.618265,17381.550805,13583.684986,11571.109048,9900.565228,7993.487715,6448.758191,13612.704778,6916.954569,5879.281101,4008.134939,3108.415293,4321.75701,1222.115086,3084.465346,7042.206702,2950.321099,6604.202436,1240.529138,1811.974078,721.815945,507.20313,2107.38793,1398.241839,1159.544929,1006.656103,857.876353,519.353849,870.096468
2015-05,82524.295521,25845.832267,16870.277972,12149.935045,10845.153192,10642.842342,7649.961982,5862.068102,12579.810926,6961.750702,5660.219879,3815.374972,3278.171995,3946.981517,1226.644494,2965.335957,6715.187873,3015.2047,5645.914483,1046.441517,1551.183624,1100.686188,558.577021,2010.651068,1158.481236,1013.112007,915.945521,944.292479,520.235648,742.771353
2015-06,92270.957696,29098.960786,18510.764882,15416.20349,11805.281696,11304.253998,8460.517666,7274.132083,14155.562388,8177.733375,6722.481464,4788.499849,3894.871917,4970.622105,1386.842409,3341.416171,6901.485219,2977.328892,6216.084712,1060.858432,1742.672653,967.886173,682.815828,2182.7527,1280.116352,1237.608097,1024.214659,860.009223,456.286995,961.06331
2015-07,89871.648173,27111.171752,16315.820668,13065.252133,11145.791592,10311.05263,8575.146957,6237.600711,13860.008243,7165.028715,5064.153704,2931.110683,3677.849127,4567.773016,1265.118896,3331.368731,6738.848114,2981.897352,5272.02067,1116.275224,1699.392232,800.821152,236.103628,1907.62394,1397.855774,1212.747642,815.156349,994.377063,621.573263,784.600744
2015-08,75607.715032,25389.023043,13956.545127,9192.32217,9778.203105,6072.89879,7086.603509,5097.234398,11694.028989,4282.608304,4643.686794,3454.995865,2970.825063,3502.16862,1070.600758,2330.318507,5971.39192,2332.72381,4850.669346,960.892747,1403.753583,752.715927,310.181131,1717.188168,1119.913649,853.728874,775.490184,776.026743,461.311106,789.950489
2015-09,92111.054244,30493.652083,17983.940244,13968.718871,12622.419452,10555.956346,9013.005017,6457.832477,13933.740259,7975.030119,6043.897429,4755.820526,4036.494533,4510.42339,1361.618108,3488.280381,6734.706223,2537.975139,5660.206656,1262.985806,1684.216115,986.519354,465.130113,2203.343555,1538.030274,1220.679366,1154.194744,851.489263,598.656323,1159.403787
2015-10,95980.812176,32484.760187,18242.941653,14191.205867,12462.380751,10271.236414,8700.803419,6980.643165,15054.455362,8760.599522,6335.224726,4540.86637,4341.477951,4155.206539,1345.400923,3482.073638,6286.93219,2748.760196,5356.917291,1204.317692,1758.772817,954.058152,540.96433,2434.687431,1617.136571,1341.316777,988.841518,910.27794,526.766829,1025.716175
2015-11,94426.574887,32601.042178,17540.854471,13803.180704,12435.510127,10480.349191,8780.035151,6678.035491,14690.839658,8186.08057,6092.56526,4405.271054,3833.797048,3893.517571,1400.757881,3337.072763,6604.290319,2855.592412,5432.826889,1311.879024,1474.318833,979.199516,579.749463,2132.209557,1401.82166,1287.759024,849.695515,875.264104,448.534916,1092.068416
2015-12,71549.885855,30323.29864,16160.093735,11385.328579,9470.23123,8279.872472,7355.116587,5780.386459,10734.704307,5854.765773,5062.066559,3451.632415,3089.167762,3202.564308,1226.234873,2503.089513,6387.812089,3335.014462,5464.342161,1164.444142,1362.337127,778.613794,603.626674,2081.001084,1109.164803,988.877801,614.01536,916.749786,451.020219,1353.899088
2016-01,82597.061728,27795.5183,14903.824176,12964.154823,9844.711964,9846.170251,7246.182199,6228.339664,14648.91544,7817.320387,6051.880436,3887.254644,3302.37745,3405.009724,1269.724594,2960.423509,5760.444579,2474.128222,3343.430362,943.009675,1183.446551,722.907103,448.190115,2246.302217,1520.456859,1053.519459,1036.561219,662.323252,366.763351,1891.045802
2016-02,89516.237472,28955.541174,16246.956205,13612.951184,11226.619752,11469.013424,7869.072717,6623.422874,15719.962562,8669.350111,6428.486786,4208.945701,3598.129323,4039.010223,1280.693147,3779.967887,6180.671824,2803.847991,4390.681952,1291.808297,1363.708495,837.382438,483.794488,2508.609161,1467.375261,1164.496192,909.453039,780.756251,484.765341,1673.955373
2016-03,93818.001482,28998.661258,17854.811445,14189.549049,11907.357656,11547.23388,7918.437849,6775.537361,14899.577541,8611.904465,7110.429069,4393.058538,3988.832863,4086.351677,1463.500804,3696.658965,6704.849603,3006.495817,4930.812526,1149.591586,1761.126001,1055.300225,613.433156,2365.013921,1464.714874,1172.854622,937.087825,868.46517,551.657286,1470.446876
2016-04,91678.753847,26691.034606,17887.287397,14252.789193,12047.002256,11676.340178,8101.729578,6758.542501,14952.151245,8660.769954,6544.538158,4560.422886,3779.200923,3900.438351,1372.502006,3736.293341,6100.231176,2772.662981,5202.897448,1311.678395,1572.935511,885.077625,556.278878,2386.979967,1430.945966,1431.836714,976.867714,917.642372,470.812102,1042.325001
2016-05,88099.683525,27686.68404,17768.753048,13900.831989,11466.547066,12033.468761,8139.996394,6370.45144,13950.151117,8919.077352,6366.586957,3866.205634,3777.8644,3895.805422,1371.228276,3646.59047,6220.154528,3094.201451,5240.610507,1136.233176,1549.825582,967.571878,566.348183,2084.343647,1342.223429,1258.101704,1031.527815,797.529484,481.348945,957.83058
2016-06,94275.959703,27375.38236,18730.990965,15520.259367,12214.567104,11408.325585,8459.372772,7205.151036,15928.964852,8892.588447,6799.341467,4177.193632,3986.575058,4161.169531,1392.208957,3897.430785,6405.754256,2919.299794,5920.926638,1368.638867,1767.948137,1080.33216,707.967664,2278.786853,1636.142436,1322.79927,1023.436644,951.31417,527.571598,1012.254899
2016-07,75803.227773,20373.512323,13959.224102,12327.95921,9914.07928,9491.871233,7143.313289,5457.435187,9978.405514,5493.074315,4410.167278,2441.718472,3156.222648,3119.308892,1071.430498,2383.37827,5560.169656,2745.881225,4975.286109,1216.428145,1257.874372,784.157624,523.72869,1674.309223,934.123818,936.860478,714.471368,854.855922,743.986373,523.649786
2016-08,87491.051406,25055.567651,16307.189562,11180.566013,11545.110271,8259.943352,7649.690285,6137.861362,14022.633072,5733.945679,6114.742478,3683.228394,3570.380805,4454.87051,1241.121456,2809.54022,5842.790505,2870.743264,5894.527418,1787.670087,1597.266375,923.759785,464.032297,2055.773458,1310.022084,1323.457742,740.907459,912.426769,467.738418,490.454226
2016-09,91049.237125,26209.574504,18244.090681,14546.618296,12684.296362,11977.937001,8836.323733,7024.344603,14136.132638,8812.37361,6412.814928,4422.48592,4072.407083,4752.660749,1514.04281,3836.956459,6549.401622,3225.550178,5570.092964,1765.843141,1579.887997,1063.936177,579.377682,2079.31316,1360.183633,1352.415516,901.526576,1209.457465,498.303492,449.323054
2016-10,91776.075,27191.68951,17201.567788,14530.51349,12238.979965,11557.234304,8313.484825,6855.24779,13817.044213,8437.901769,6487.277041,4208.685873,4016.043641,3991.723949,1331.451916,3868.600464,6372.661398,3038.084229,5769.065565,1743.669533,1517.919886,964.87729,490.696834,2127.822729,1342.323659,1426.423553,821.423207,996.407617,416.58578,1078.474515
2016-11,99461.426299,29082.002661,18413.530155,15145.578201,12701.157955,11622.444619,9386.408271,7415.68674,14010.264934,8912.621545,6985.985858,4285.275025,4105.528677,4369.083733,1564.244685,4057.349888,5793.902876,3273.723112,6113.751291,1747.928894,1634.449829,998.938193,536.303224,2168.916665,1423.186154,1527.102377,948.748098,1018.769773,479.805812,1475.10606
2016-12,74902.591106,25569.801888,16048.110097,11524.36495,10572.605272,9052.968221,7221.989019,6488.771929,11450.582818,5945.43123,5139.193383,3587.573259,3112.543158,3674.439414,1298.111273,2704.527889,6232.392845,3559.366442,5441.008643,1676.542945,1452.128304,779.075857,471.136477,1856.137372,1472.464974,1088.827646,679.078785,902.049838,398.638145,807.55352
2017-01,92477.311061,24413.578238,17695.704215,15265.570869,11874.211848,11577.791436,8496.786682,8962.592406,15874.697321,9461.763862,7183.426744,4623.418222,3946.142928,4387.754101,1806.250073,3750.987044,6143.39403,3030.381266,4863.364007,1335.606935,1214.408686,800.810832,482.791639,2100.132285,1458.360761,1224.549336,1005.483083,839.849334,442.220359,1634.111495
2017-02,91963.040493,24107.155707,18076.58178,14325.374341,12185.104842,10784.974625,8454.181315,8211.097048,14622.443802,9581.465921,6560.597357,4369.2088,3938.301939,4151.095946,1516.50985,3071.235002,6372.223469,3101.026397,5444.261691,1785.978823,1412.278931,952.502909,462.692441,2288.326023,1552.220034,1250.921887,895.186946,987.834984,398.834515,640.711906
2017-03,107397.522486,28375.964892,21275.868708,16420.659495,14156.341321,13224.498366,9889.968726,10159.505463,17166.379223,10923.305881,7875.514507,5097.503708,4823.181986,4850.829266,1781.621853,2952.026873,7503.540293,3864.599693,6554.4676,2026.239591,1439.305477,1261.311872,705.428266,2638.764538,1729.066403,1892.557117,1021.490136,1238.29989,501.868681,873.582632
2017-04,90200.445977,24802.388368,17334.588919,13566.874053,12136.293834,11192.549662,8183.179158,9083.856146,12740.323488,7683.533215,6674.702788,4056.439462,3673.516214,3984.351926,1331.718022,3030.999969,5767.80163,3126.324122,5824.661387,1666.900489,1347.269651,1029.080071,644.077793,2094.998563,1513.428165,1289.559519,931.451604,845.643291,477.973116,820.852221
2017-05,102106.356978,27169.848946,19492.788003,15383.750189,13544.196885,12824.454358,9607.257933,9699.067628,14044.034771,9399.91702,6952.916635,4885.780934,4268.328557,4518.936543,1461.409679,3872.776455,7053.758283,3589.947954,6260.947699,1909.047201,1726.305732,1156.156279,642.020583,2213.153692,1700.899372,1421.098488,1068.389078,1060.180486,453.005665,1313.854794
2017-06,96299.898839,27131.276566,18942.396908,17476.31408,13785.905531,12781.276145,9579.505594,10787.54925,15354.270057,8904.139611,7560.448057,4917.714591,4358.351242,4600.419111,1450.726813,3784.740285,6750.387425,3815.873848,6447.901473,2053.707592,1728.113395,1056.097586,772.796415,2446.655811,1838.613971,1313.681291,962.936454,1291.482996,521.545025,965.365327
2017-07,79130.223628,21557.633217,14373.929567,12934.853636,10581.084122,9867.348363,7831.017841,8623.965436,11408.994783,6386.832418,4374.449378,2552.902317,3579.818907,3326.976808,1154.677784,2460.510366,5560.421114,3142.4775,4528.068713,1706.276392,1345.031195,789.27307,503.719321,1589.104434,1157.278891,833.140118,800.426603,861.560063,477.054833,567.706462
2017-08,91054.034107,25885.068233,17052.766948,11236.953402,12000.478608,8517.414077,8162.307678,8767.212507,13898.419683,6217.2006,6131.340282,4441.128565,4159.598562,4138.61767,1436.062691,3304.392682,5822.566971,3437.830305,6509.631295,2073.997744,1440.80067,1060.839398,559.808798,2047.575989,1704.581912,1239.397942,834.053445,1242.328487,492.751023,572.333683
2017-09,95397.588539,26407.033636,18403.899977,15426.620679,13512.669033,12103.861829,9228.923906,9311.503857,13437.510033,8642.212087,6030.339685,4585.87914,4472.816136,4115.005705,1557.90126,3328.506096,6064.036917,3308.622641,5686.812978,2371.387699,1415.560725,1047.279127,621.127597,2223.060628,1734.334728,1186.153395,894.417445,1220.760473,530.257412,643.333671
2017-10,97048.608033,29469.572764,20728.385586,15990.087596,13804.874001,11768.904986,9856.980591,9381.341906,13794.613689,9366.506099,7208.362612,5060.550511,4774.143908,4389.269277,1737.920729,4273.426605,6422.979233,3738.058997,6358.27511,3032.251538,1495.624106,1005.946931,575.84608,2111.066385,1792.903063,1343.362298,961.616211,1307.936525,477.667519,1567.839686
2017-11,102437.528683,29477.582396,20483.83258,15757.163053,14004.209105,11659.675504,10079.108774,10235.092268,13447.147398,9292.239889,6562.129232,5121.571325,4616.88973,4573.471502,1892.249469,3970.952825,6512.216332,3767.828666,6385.689038,2542.223748,1436.148418,1018.106076,624.540511,2083.449963,1871.929702,1350.080905,930.709325,1255.866632,572.319463,1318.693618
2017-12,73349.662395,24128.818854,17057.848863,11745.463547,10040.749454,9535.607752,7943.390538,10101.466019,10004.88881,6532.652599,4788.450185,4185.678362,3978.03839,3066.137561,1319.292093,3229.336707,5757.741665,3576.237679,5454.797416,2738.433956,1289.104683,910.59547,607.541707,1572.587381,1591.212495,1069.592937,789.933676,977.60443,457.357966,1645.588616
2018-01,96669.206749,24003.583893,18935.109678,15388.16027,12587.683197,12391.473902,9210.393765,10086.541987,16313.081184,8794.471138,6828.889791,5987.175958,4265.396757,3981.820314,1650.348138,3869.033563,5903.877323,3520.55457,5268.73239,1997.11415,1619.012389,1042.01728,601.315071,1921.849539,1755.452396,1394.518244,1161.010411,878.360201,487.066236,1789.229197
2018-02,90007.267864,23387.414314,18141.364265,14549.894343,12054.940916,10693.056656,8958.21976,9507.559567,13078.800444,10427.344662,6525.571007,5621.444312,4342.396038,3837.482766,1758.927679,3335.007808,5707.691653,3310.632789,5516.07632,2132.940301,1326.916591,1209.081392,629.365287,1932.33932,1645.061085,1387.412106,1007.81345,882.098728,429.00859,1092.083109
2018-03,98810.252397,25725.334587,19690.828104,15850.93609,13648.951192,12062.320901,9446.221235,11961.8213,14133.675898,10914.461119,6933.665161,5505.581901,4895.804955,4277.070586,1592.363484,3354.785214,6473.660424,3905.675113,6263.379532,2108.200273,1586.235085,1109.610707,851.668911,2345.806258,1738.005583,1539.310279,1021.886591,1021.681657,418.759533,1270.337789
2018-04,94174.787736,24640.369367,18576.590509,14994.362832,13140.08072,11026.671176,8870.512537,9939.371252,13138.694289,10644.835219,6171.522709,5145.046153,4169.008664,3925.141487,1482.683933,3009.650193,5875.181639,3262.650428,6100.117894,1927.824837,1372.116253,938.133991,683.706842,1974.543677,1882.764409,1350.001331,973.497713,1035.776491,485.281322,1614.161239
2018-05,96178.735337,27849.701055,19168.093898,15405.096341,13244.18197,12286.118997,9445.532751,10451.806484,13429.770987,11115.514955,6126.997989,5358.776109,4851.058544,3905.598404,1651.103295,3448.722936,6247.65666,3547.238329,6786.435881,1988.327494,1473.283563,1086.785206,783.79016,1849.843854,1878.537314,1241.380487,1072.724937,1092.96572,417.654285,1955.377262
2018-06,99763.301371,27765.820984,20306.771703,17844.161685,13962.663414,12416.032195,9777.480658,10522.227242,11923.898305,10870.335944,6694.138875,4712.847425,5007.786434,4249.494938,1718.212721,3906.607453,7092.91821,3841.798505,6616.510198,3028.642825,1591.244328,991.533403,584.791694,1989.990249,1885.974843,1650.962696,975.07495,1139.63543,440.192284,1507.252706
2018-07,86361.051527,23338.833149,16563.306715,14580.486468,11911.579677,11070.71836,8604.51177,9138.784943,11362.223888,7297.40115,4621.529826,3218.004706,4313.837492,3290.815911,1550.690641,2930.681503,6012.576696,3507.512432,5258.615284,2306.219358,1313.231218,928.878946,474.411027,1429.517874,1180.035215,1127.880179,1056.541303,866.70631,385.928194,1198.518401
2018-08,90080.969621,26776.942329,18045.027376,12532.687434,12493.090672,8495.67163,8565.556525,10516.246961,12677.788528,7354.837089,5474.961463,4677.804161,4392.890651,3672.411443,1427.913298,2687.539265,7229.852247,3612.708159,7851.74531,2700.794458,1422.778885,1174.563813,545.874054,1950.946679,1434.813103,1035.414541,859.931123,1051.280285,446.114881,1627.364379
2018-09,92188.029225,28030.543312,19145.968312,15019.055265,13138.333867,11657.693483,9206.411886,9896.313795,12929.987728,9663.695076,5585.646632,5357.545177,4955.848387,3737.931665,1675.530218,2021.236737,6360.599519,3152.75487,6809.206715,2206.391634,1463.612572,1013.208824,747.332432,1997.853241,1612.841612,1015.75033,1129.226645,1005.053076,518.239076,3550.781132
2018-10,106950.148156,32670.136704,22486.855968,16514.685712,15721.736086,12913.120317,10517.931281,12546.661146,14746.518834,10842.078602,6864.549997,6045.128428,5666.678296,4699.736304,1930.379037,2388.872962,7309.103753,4217.521747,7559.081533,2946.913015,2051.366079,1146.466042,783.982227,2440.155132,2002.021015,1535.205323,1206.319985,1185.366695,678.907922,3407.52401
2018-11,107256.679196,32261.636751,21326.641934,16779.085669,15468.529976,11841.139436,10437.911868,11497.752872,14740.076584,12459.531133,7018.160034,5987.877558,5568.672773,5074.584605,1850.796693,2420.6583,7042.802326,4002.678086,7754.745815,3459.094657,2297.663835,1554.630264,899.337888,2933.854967,2157.942434,1453.208619,1223.2123,1227.328334,646.175542,2827.548277
2018-12,73523.492113,24930.546132,17144.094509,12494.218836,10350.001672,8182.378902,7576.657599,9911.930871,9311.102487,8110.538765,4628.335628,4014.247307,3575.376489,3351.673339,1312.16378,1697.889099,6280.635987,3330.699245,5820.221344,2849.632097,1385.825766,1044.018619,673.357582,2338.014096,1455.176862,877.125513,785.211608,933.763431,410.927551,1438.575971
2019-01,95626.972949,27122.718564,19448.47877,16067.482306,13156.068688,10808.606921,9616.096929,11523.184923,14902.479573,11044.92636,6448.460325,5535.010452,4820.597256,4584.24284,1805.909428,1986.895001,6788.493644,3034.660426,5673.28172,1918.529088,1530.784437,960.760066,778.115887,2143.585627,1619.474647,1151.935,1325.463327,1061.17236,405.201562,1741.630559
2019-02,95461.492556,25815.129834,18643.407892,15646.300135,13207.033315,10217.571541,9429.449463,10891.402922,14876.595144,10633.155964,5785.707507,4578.210034,4714.251456,4391.867048,1616.19137,2279.832673,6896.472394,3305.89872,6053.258075,2044.56545,1642.154792,993.125131,653.812626,2016.73058,1520.398897,1087.951438,1006.13858,1023.38744,398.283173,1703.351895
2019-03,102214.254568,28570.521664,20496.973467,18147.530586,14393.116744,12322.341974,10772.873201,11920.148665,14278.085176,11410.035808,6586.986733,5684.612928,5057.057266,4875.699891,1784.419849,2384.729962,7471.897147,3685.960566,7429.980972,2375.712627,1607.191276,1292.557237,785.799652,2636.937743,1706.880466,1226.56167,1264.794454,1068.844497,430.123492,1309.91966
2019-04,99172.108627,27964.067729,19779.980771,16623.123343,13920.783179,11469.926273,10362.384365,10428.986969,11339.589936,11358.43236,6470.788552,5050.589526,4820.153147,4546.049795,1771.560871,2813.77465,7096.76999,3694.416263,7403.690905,2018.871952,1558.682091,1121.598421,745.598142,2146.99993,1639.72757,1921.151413,1160.845569,1073.439296,418.859796,2239.217816
2019-05,103751.889987,29596.053042,20518.430074,16552.938274,14214.122893,12845.175992,10824.654868,11489.087406,12814.36293,11635.444158,6057.242401,5104.759986,5482.689155,4319.35482,1932.566521,2770.197752,7864.365926,3946.487389,7422.269698,2650.505718,1689.296648,1232.685127,837.212348,2695.389648,1884.172831,1986.654156,1330.559957,1059.825103,429.917769,2173.997329
2019-06,93966.267694,26711.850944,18448.241346,15509.282602,12863.456221,11922.900861,9693.056691,10785.887782,11171.626678,10803.799011,6153.401515,5021.884737,4676.49731,4192.908531,1659.214684,2475.834477,7639.646845,3872.852446,6896.602509,2535.526974,1594.099241,1091.433753,632.446706,2553.379595,1530.773556,1431.711959,1073.044211,1051.889784,462.115866,1390.448311
2019-07,91142.161658,26815.750253,17794.97769,15652.690703,12738.757386,11222.54819,10343.321777,9040.193544,11267.358506,8419.639939,5327.476619,3229.162145,4554.255278,4124.000309,1511.368225,2306.35497,7016.976787,3984.301008,7054.929837,2882.534016,1562.959817,1070.422809,585.706871,2327.786545,1316.063139,1291.774105,998.518942,1034.609456,479.444342,1248.371401
2019-08,88637.970727,25943.815023,17538.316349,11560.59257,10772.864009,7335.196438,8726.865265,9231.378405,12354.576482,8319.200006,5891.759683,4351.364611,4135.800509,3994.16298,1535.674437,2138.29533,6743.402644,3296.535297,7405.431356,2971.247572,1603.705928,988.890094,556.759624,2586.550505,1606.545161,1172.648312,993.187024,957.821617,449.736704,903.892957
2019-09,101376.661588,29517.342158,21096.304704,16739.087856,13511.630654,11758.242994,11230.459059,10404.854385,14347.187428,11198.483601,6314.106284,5069.083452,5423.420264,4896.558033,1772.487725,3456.280379,7528.562489,4216.900809,7290.698197,2843.97829,1547.575578,1050.822858,853.471611,2595.528224,1793.117891,1229.994845,1178.209312,1184.432372,506.924399,1114.632241
2019-10,102569.386698,32061.046102,22250.649779,17465.57257,14318.994911,11601.543499,11715.057103,11109.455164,14623.465438,10801.961212,7161.541999,5790.852132,5972.740295,4803.409477,1800.464066,3538.023187,7228.29047,3934.225051,8496.511918,3264.621494,2040.37227,1233.133551,831.547339,2723.947811,1786.866169,1520.131235,1366.126055,1397.323363,480.905845,1272.714423
2019-11,100437.402251,29467.845824,20871.162775,17014.302143,13458.337122,11515.590316,11172.10367,10863.622895,13040.738536,11255.518455,6575.045886,5217.752962,5597.827242,4551.954879,1818.143763,3746.731851,6650.316642,3604.875708,8273.35395,2916.147821,1850.387842,1141.869809,839.548836,2501.388029,1660.634809,1288.79357,1150.346442,1364.2037,507.889068,1513.622858
2019-12,71461.222573,24427.973322,16610.860574,11708.539743,9521.336068,7536.322741,8474.90119,8546.309878,9994.365483,7169.559242,4521.683534,3872.060742,4211.0924,2785.919175,1248.366292,3140.372845,6758.07372,3601.650005,6301.783711,3441.337709,1701.575034,972.096941,644.282107,1749.748633,1276.725342,825.365793,826.262999,882.175897,622.083273,1672.152248
2020-01,90635.786525,25598.16005,18534.914143,16497.004633,11903.86354,11743.456612,10181.11584,9771.112005,15402.190894,8916.033804,7240.442329,5139.59248,4818.57657,5142.976765,1772.486444,3348.10389,6996.621708,3153.541918,6410.429606,2333.760294,1431.867025,1036.099493,709.972926,1947.329029,1437.074019,1172.182436,1282.770985,865.478174,442.4716,1793.293842
2020-02,89952.70975,25225.385582,18847.196045,15716.329736,11565.053988,11078.561322,9819.385457,9278.251991,12836.062493,8522.214579,6729.944707,4945.083111,5120.980062,4862.799034,1624.874984,3183.233619,6856.155406,3041.232308,6643.587582,2132.941117,1381.362445,1031.425167,671.616473,2227.863682,1487.056241,1300.648776,1159.690953,791.337815,442.881133,1312.055458
2020-03,87722.907609,26299.047362,18469.742362,12412.720763,11589.843032,9444.036432,9331.096276,10162.40883,11417.83542,7068.357237,6166.84579,4671.230364,4558.083022,4354.863555,1734.276765,2694.78296,7327.617276,3808.968921,7023.58158,2064.005292,1403.916176,1033.952766,651.138132,2063.554357,1501.175459,1705.957255,979.381988,874.947829,606.382973,1282.225944
2020-04,55291.572927,19185.984712,11825.455471,6597.121428,8890.14296,6756.020688,5104.187321,10278.001582,5763.815214,3035.854526,3551.565696,2783.700699,2239.115472,3931.89714,975.978479,1901.471776,5895.169972,3621.089196,4611.490281,1289.405025,939.794369,736.224158,461.153036,1587.483531,1051.317043,870.456539,489.754046,690.077891,377.40179,765.568698
2020-05,68518.372037,22818.824212,14128.838434,9430.633475,9874.587846,8333.68154,6553.497856,9931.193914,6478.793231,4640.50292,5860.431452,4093.137654,3310.144025,4513.975053,1411.924844,2045.334012,6054.591558,3569.906121,6131.443365,1669.046793,1388.467079,778.109132,628.283114,2048.54008,1450.612352,1197.652139,788.526351,865.508361,494.500849,760.603613
2020-06,90946.753047,25590.413254,17828.719196,15426.639886,12188.082434,10171.575037,9017.624546,12836.238086,10458.373929,7922.277684,6489.186701,4698.251644,4723.775273,5711.565599,1586.964555,4630.995206,8057.514572,4109.458195,7947.093933,2348.576755,1362.517603,1161.387001,682.491717,2340.648995,1872.04036,1692.062141,995.148665,939.047105,490.99468,1017.555877
2020-07,86916.852589,25868.947765,18015.920861,14349.878029,11574.298872,10502.353791,9234.03205,10084.051171,11117.511074,7041.121703,5027.396392,3051.170346,4926.920572,4763.918745,1596.028177,4295.390207,6996.607066,3964.893218,8408.16044,2660.817066,1466.675638,1025.874619,693.814901,1844.701165,1266.950036,1141.902995,830.987391,933.380558,598.528532,1276.17365
2020-08,76482.107223,25750.260942,17792.454881,11210.108719,9361.615691,7372.21068,8093.341849,10143.15677,11110.982689,5641.423535,5836.949034,4123.093166,4286.222879,4133.90776,1382.803343,3302.396644,6161.37637,3611.3222,6220.258081,2336.182327,1237.372206,910.096282,539.937463,2011.484073,1226.130648,1144.83741,798.653521,856.231211,384.89415,1010.483891
2020-09,99529.671992,29890.586929,22176.864108,16006.872446,13106.929427,11741.552024,10935.243453,9688.882777,14184.442258,9311.279457,7428.501564,5548.673772,5765.37934,5271.705862,1931.21187,5613.263551,7831.452952,4418.473648,8538.461817,2819.727111,1412.665469,1063.245291,804.608318,2338.393094,1766.81919,1336.37535,1146.751681,1011.973152,523.101365,1487.102773
2020-10,107223.069523,32007.185587,23377.542322,19198.045907,13464.30662,13270.962224,10957.279098,11085.353935,14292.547022,10683.405313,7119.550063,6260.179756,6080.859069,5209.299249,1983.252138,4961.506911,7975.757674,4394.318107,9361.568078,3034.646695,2011.017655,1214.169981,720.649874,2418.575924,1942.473231,1471.881615,1222.608346,1104.436254,619.727328,1706.186654
2020-11,107245.218511,31758.569268,21457.255181,18166.921928,13333.576679,14165.809599,10983.006984,11400.373908,14665.352533,10453.555491,7628.962513,6430.114749,5615.366574,5691.849539,2043.924985,3338.513967,7518.688928,4438.903283,8145.695161,3354.828185,2015.225822,1103.077051,762.967575,2566.817244,2088.727849,1551.50575,1331.248929,1181.943242,574.367627,2077.905725
2020-12,82235.12134,27879.006833,19215.616618,15709.440389,10283.786013,11656.618034,8792.077361,10479.00933,10899.08057,7705.636023,6013.042317,4879.599805,4523.987719,4452.326198,1832.708452,3855.360528,6949.925793,4190.716238,6260.272129,3522.451558,1779.450067,1046.103408,586.605288,2119.132101,1513.59069,1148.768661,1022.693735,1045.677737,552.429622,1869.155846
2021-01,86645.809909,24663.048223,20598.590768,15872.843794,12007.913047,11697.133628,9058.707155,10325.613985,13264.71883,10131.729926,7220.211687,5129.380714,5032.192316,4759.286821,1750.247329,3892.407911,6652.186154,3172.359276,5648.102099,2138.208609,1796.852397,1148.604102,626.083147,2531.770325,1675.2143,1190.943403,1161.101636,919.265887,659.728202,2365.026965
2021-02,92181.335949,26449.286002,20898.498619,14580.47258,12896.592229,11396.466715,9990.792453,10150.488682,12259.526957,9912.82308,7843.280399,5287.670962,4983.113186,5351.903332,1794.661818,3206.425586,6852.023111,3378.426082,6148.404,2355.535937,1627.992783,1023.69355,702.787287,2165.970663,1689.548577,1357.776054,1094.573578,876.510763,692.856461,1490.611221
2021-03,110719.90763,32343.515536,25677.396067,19131.212931,16412.607249,13818.145095,12166.232432,12610.311858,14382.311954,10359.820729,8639.156608,6614.931137,5828.614797,6467.167966,1972.736663,3888.318407,7748.970557,4251.957972,8383.155754,2803.409911,2592.231585,1520.780747,935.469295,2592.423869,2268.491138,2489.60762,1264.262182,1167.985275,900.488075,1656.50538
2021-04,102366.909769,30804.468974,22870.420049,18378.757275,15200.066489,13331.068798,10311.979916,12031.38077,13660.054677,10143.193428,7629.546222,6627.188359,5399.30833,5735.245968,1988.499467,3363.688873,7748.456315,3793.139605,7173.414405,2794.624092,1893.59283,1238.727632,923.411585,2691.728743,2011.722131,2549.404986,1301.851983,1142.893871,735.998908,2347.968276
2021-05,96986.718827,29072.453125,22730.080095,16828.206621,13994.344635,13909.228524,10030.103094,11157.822229,13104.338232,8825.291543,7567.04978,5400.031668,5036.822993,5123.645213,1922.052966,3265.036043,7242.055194,4331.410334,8132.322903,3128.449523,1703.277536,1065.155474,890.76219,2383.608925,1716.020527,1754.742384,1402.194766,1149.701635,795.02484,2489.096435
2021-06,100255.765775,31417.835826,23222.501259,17421.518709,14911.591666,14179.127005,10347.41244,11467.723719,12696.139539,8945.414324,8728.283093,5975.048198,5388.474636,5428.743603,1880.432608,3454.230887,7757.273823,4462.990427,8221.934398,2876.891457,1774.496126,1107.678216,797.046443,2336.323972,1877.796875,1483.323084,1415.697263,1116.661989,557.453452,1432.478846
2021-07,88886.444289,28367.188941,21147.169831,14533.925698,13658.347559,11914.853138,9216.208475,10090.302018,12177.267577,7105.723985,5986.507973,4497.947638,4776.976582,4567.805921,1621.795118,3013.463953,7213.244284,3683.883535,6571.072067,2100.626872,1586.683849,1054.620196,658.293565,2305.614331,1633.696099,1329.548644,1124.756179,1042.981171,692.195843,1073.206505
2021-08,84342.962183,28675.456231,20658.383887,11107.381785,13176.947763,8455.558981,7857.214941,9315.306905,9636.256543,6110.09974,5243.362433,4613.523544,4251.814062,4762.154533,1471.197844,3010.04316,7432.978749,3621.55929,5824.15359,2075.817568,1599.041854,887.742694,528.545511,2297.44138,1766.847373,1654.145131,818.992221,959.111267,519.995524,1376.796845
2021-09,97018.154052,32551.18047,22040.32663,14289.571207,15796.269508,12495.934672,9250.765644,10825.140969,13191.115871,8332.862124,6757.240379,5127.730634,4937.021921,5174.5909,1883.262154,3341.334607,8223.034687,4013.932057,6622.566798,2151.928841,2268.426008,1125.899821,868.207179,2526.367024,1914.248558,1840.234321,1086.928472,1091.093059,652.214043,1283.666322
2021-10,97398.64569,34814.987702,23007.824288,14398.604564,15108.241844,12864.081237,9845.541055,11457.822395,13674.766477,7915.662249,7165.886993,5834.802809,5339.834605,4991.31536,2166.077437,3438.409745,8611.251431,3694.58205,5325.253254,2053.751627,1804.630951,1192.841105,806.168262,2425.009645,1806.178669,1680.326535,1390.152066,1183.678959,804.681698,1496.02583
2021-11,113542.764076,40352.990922,25305.806252,16343.739844,17305.846033,14870.491553,10749.980936,11679.106422,15377.022915,9573.300988,7302.90955,5989.313812,6122.202894,6972.021986,2266.671999,4118.726529,8639.81026,4384.17968,6180.69074,2710.035688,2439.211617,1311.516673,950.948553,2553.353786,2058.660375,1879.906647,1438.602188,1181.72991,614.490382,1443.051337
2021-12,87853.14191,35399.817534,22710.34947,14653.630765,12999.315331,12308.889354,8708.084835,10801.008827,11878.802798,6536.673018,6268.752011,4763.108485,4927.873697,5446.900777,1876.45965,3439.43597,9011.732591,4878.380071,6348.378815,2641.774242,1745.339177,1309.56975,859.010899,2319.392978,1561.55107,1207.989793,1036.368493,1121.721126,615.757095,2322.819889
2022-01,99803.959496,32404.303476,23506.44632,17334.717905,13651.013598,15050.061616,10091.166241,12339.969309,12215.492489,10188.457853,6984.798396,5986.49886,5629.753265,6022.159103,2113.508986,3862.110945,7977.221539,2954.670836,6858.512781,1780.89131,1998.934428,1105.476012,666.842305,2486.71565,1843.510512,1881.552645,1228.496382,1024.484339,523.158501,1674.756294
2022-02,99615.128643,32113.054019,22617.715569,15716.117132,14382.060475,14348.35672,10835.97609,10470.453835,12814.743056,9746.507401,7149.423372,5172.04635,5322.80053,4536.415665,1953.096499,3114.105071,7625.143893,3236.831246,5566.294947,2039.624565,1780.907644,1268.049636,873.258442,2288.237728,1779.890124,1073.041587,1195.382662,1014.964244,557.245419,1080.430361
2022-03,118396.316433,41454.966758,26989.600653,18836.186228,18255.004396,16937.099179,11642.01467,12569.330109,15173.687769,10515.921772,8746.95351,6478.341514,6363.576135,6055.761152,2422.981033,3894.759486,9713.095995,4228.406194,1893.34507,714.94317,2223.450043,1613.24738,1064.724935,2861.236821,2235.719753,1944.135874,1539.354565,1296.352718,638.806685,1628.975904
2022-04,102284.704697,34124.860785,24446.221772,17267.900086,15762.132853,14649.594719,10534.077651,12053.112403,11785.476219,9827.579095,8256.908912,6132.904592,5138.809997,5195.498193,2123.634754,3320.167541,8867.116546,3159.238743,1587.700169,1253.967949,2208.130822,1307.559418,925.986036,3228.172008,2165.628451,1811.268249,1402.456376,1082.960653,651.689316,1799.866127
2022-05,116029.86447,42644.306563,28204.40957,18694.836398,18275.93352,17168.659055,11944.009183,12643.515702,14348.435804,12644.044306,8963.10346,6722.802737,6255.564276,6307.557649,2436.044616,3720.323964,10513.053763,3769.056968,1923.034888,1845.344727,2507.250922,1524.760319,949.719762,3151.543404,2080.786903,2806.474338,1674.512751,1352.860628,615.382559,1598.914359
2022-06,115797.199011,39480.619767,27052.404108,19828.259123,17983.698401,16787.46441,12099.643687,13230.038204,15475.379403,11360.427385,8965.807561,6542.09902,5987.196542,6465.983309,2359.201125,4275.894035,11547.905385,4238.643503,2801.28411,2718.75847,2637.725716,1380.819477,926.541033,2987.864652,2006.854556,2025.525615,1801.858516,1336.059198,798.794704,1533.962415
2022-07,101485.451043,32427.800383,22211.425168,16896.888738,16054.027358,14411.749456,9884.357077,11452.231929,12249.644859,7301.736636,7354.786264,4502.085077,5795.040721,6073.351774,1824.466843,3630.933232,9009.96335,3392.040404,1870.895037,1854.625474,1926.463648,1204.171403,877.632571,2611.184046,1942.077515,2188.378781,1329.756219,1273.440157,544.193346,1160.951502
2022-08,110928.224038,37571.113867,24420.775575,15015.091595,18573.27836,11438.875799,10144.848228,10827.401457,14157.27803,7832.531315,7454.916071,6036.897915,5360.107997,7005.887168,1845.455438,4863.388554,9422.000726,4083.083918,1803.507321,2099.23402,2207.96085,1370.247646,807.161938,2819.939547,1895.94328,2284.263404,1377.643158,1203.192893,621.926399,1215.659598
2022-09,123477.392081,38655.62811,28489.703254,20672.661733,17646.799537,17243.686383,11946.882915,14440.241865,14594.003143,11658.729396,8942.13218,6896.254973,6649.940502,6633.668683,2125.247164,5225.024505,11043.266903,4444.654871,1973.198636,2580.536139,2515.24591,1538.902042,1042.824611,3314.364442,2344.497054,2202.126245,2002.615257,1508.689495,813.103689,1512.622382
2022-10,117304.000414,39478.302976,27253.83205,19729.723231,16966.184286,16471.493839,10991.879121,12474.653492,13929.204619,12127.927315,9366.783815,6209.926653,7317.119324,7167.242059,2015.457729,4621.000345,9818.733729,3847.120519,1803.166361,2210.184172,2073.246042,1400.460252,887.857283,3110.767893,1845.776913,2073.049172,1763.479391,1290.333392,767.795916,1587.488373
2022-11,125652.233827,42417.638119,28533.035772,19866.990901,18559.774901,18325.903958,12393.438321,13042.694243,15876.63698,12562.43604,8489.539789,6102.401771,6489.121102,7576.134544,2214.232514,5628.814458,10188.563071,4311.064572,2164.131499,2875.473215,2250.829356,1603.313855,1060.405479,3087.927215,2011.381264,2207.180369,1634.699883,1396.693069,926.957355,1630.023375
2022-12,98511.703711,34891.562418,24844.285698,16676.672186,14035.602584,13764.656581,9554.773893,12792.836375,13285.11355,9152.325339,7656.552203,5926.38915,5233.201119,5492.54008,1804.242169,4936.95964,9503.921857,3892.264025,2004.653406,3636.747731,2042.831218,1362.123342,925.176932,2526.028511,1465.995664,1871.365267,1197.136419,1240.624026,818.492411,1897.292366
2023-01,117440.799094,32855.0056,26209.041328,20404.294741,15787.405732,16484.297381,11301.038007,13298.480212,14468.83399,12357.171027,9413.433096,6815.092026,5741.920666,6300.615098,1842.205941,4728.468233,8534.140816,2719.455408,1253.176377,2322.735884,2198.422142,1461.084483,925.376529,2656.026949,1883.345932,2057.052962,1705.374292,1095.808228,828.16306,2086.916495
2023-02,114856.393349,33474.804455,25155.046367,17496.03128,15489.487126,15090.617484,11139.905689,11566.29973,14157.490581,10396.573811,7812.685133,5925.129098,5727.286548,5968.78735,1850.926857,5171.364574,8528.406791,3191.200788,1561.448871,2466.447256,2303.803888,1383.61463,1016.310415,2524.856844,1855.403612,1514.622878,1647.33155,1138.833444,788.514343,1807.812172
2023-03,132026.19896,37974.316142,28977.667688,21203.519118,18153.259428,18362.740306,12492.815385,15950.740635,16570.19426,11718.370686,9301.771169,7256.276028,6757.03652,6951.628676,2281.251232,5333.9439,10400.98336,4170.48967,1963.566014,2529.677079,3105.545167,1872.306692,1133.809908,3019.866303,2250.090424,2398.069264,1924.026972,1223.979357,852.388043,1602.50224
2023-04,106356.178777,30957.032215,25015.316824,18628.646692,14824.744281,15272.5656,10231.713463,12806.6138,13001.591167,9367.921023,8400.766328,6782.011395,5699.77755,6026.678539,2265.683955,4805.871643,8136.262535,3228.404765,1076.692357,2049.683927,2314.904238,1625.142434,861.09869,2626.921778,2165.768337,1299.669519,1636.815803,1111.992494,815.510941,1441.366322
2023-05,117049.153862,35727.634242,26911.416034,19291.541657,15859.953357,17336.098844,12537.404411,11888.799875,14595.78198,11045.316401,9214.183015,6191.935363,6416.536235,6649.799541,2046.084014,5976.222282,9787.066203,3586.82789,1198.181157,2832.294096,2635.38922,1600.4292,1073.635967,2939.025433,1986.052863,1541.631102,1599.595925,1291.873897,824.122564,1583.074698
2023-06,119700.943371,36449.758882,27477.587362,20700.878534,15991.70098,18093.44245,12721.827048,13812.743309,16835.789685,12601.351216,10035.172452,6525.105069,6226.491988,6733.195444,2292.392796,6017.898856,10737.125299,4281.415776,1362.340625,2985.032577,2930.430617,1657.513509,1018.855322,3002.854423,1989.696199,2181.939324,1768.624248,1213.464989,979.185265,1950.940352
2023-07,95107.261225,28865.930178,22959.946301,15183.209198,13078.162064,14371.566574,10524.87045,10550.988324,13124.30557,8977.775221,7315.239155,3648.717152,5598.300451,5332.946406,1652.013065,4847.76214,8138.055246,2815.189771,1161.427768,2718.310363,2323.748893,1540.257653,891.548502,2384.704053,1520.293475,1626.2386,1027.003178,957.678048,671.599265,1067.406775
2023-08,104683.968631,33016.13318,25131.372522,13121.872972,13364.123895,10007.612367,10843.561112,10171.230647,14277.973464,8021.34875,7046.611455,4999.944158,5508.807105,6010.22979,1662.76625,5006.222648,8711.2234,3182.581151,1163.843264,2916.277743,2437.014602,1495.983444,836.148828,2427.701983,1826.349704,1856.519752,1343.332085,1179.996076,842.47627,1108.794811
2023-09,110394.855702,33739.967166,26419.797495,17711.942691,15355.754294,15667.160849,11940.491534,12983.100954,15577.843469,10850.785246,8435.490939,6281.260869,5884.283054,7299.664972,1833.923742,5345.0611,10644.829709,3952.683655,1159.911879,3931.837972,2307.548286,1606.327157,1080.000502,2995.512874,2005.107961,1633.342198,1186.591028,1134.532658,872.381983,1124.289368
2023-10,122140.375751,40941.532602,31122.493963,21347.447271,16216.938654,17732.624679,12331.485342,13260.860104,16581.464688,11939.799501,9533.005205,6908.473308,6911.108813,7457.308283,2237.424178,7378.296511,9787.847143,4019.763515,1315.196936,3327.074409,2955.355588,1894.651138,1276.117585,3842.021567,2553.889624,2085.022789,1572.293392,1253.15074,881.44662,1922.44678
2023-11,122951.171742,40551.345419,31067.098634,20434.676069,15572.362416,15911.987878,12571.821096,11644.912506,16951.456185,11554.046623,8463.201958,5795.801233,6498.054215,6729.07052,2348.093409,6074.886344,9950.606545,3743.917326,1392.140688,4536.494718,2855.464792,1960.258699,1299.213918,3055.782695,2112.114861,1546.414886,1657.969673,1248.445405,1048.751216,1980.28112
2023-12,84948.350152,33402.598065,24501.028149,14834.668617,10389.004111,11984.20199,9772.415165,11465.139674,12403.501335,7226.320003,6257.141161,4765.802209,4681.487758,5725.505352,1867.168568,5149.018965,8929.055247,4353.579512,1269.839633,3022.542886,1996.864991,1665.833948,1001.626413,2449.542098,1293.555608,1297.607159,935.586473,1057.970078,804.003424,2156.732457
2024-01,112095.337315,33168.327029,29296.278586,18588.466327,14289.026494,16550.71064,12309.277217,11499.535712,12047.0155,12072.453827,9195.947984,5858.387976,5662.277547,4839.8453,2285.946288,4405.491522,6018.772365,1496.337419,565.597854,1719.527724,2606.92138,1624.658064,1140.529875,2349.651815,1971.029263,2447.814666,1946.645286,1077.898161,866.464606,2249.206819
2024-02,114004.357903,33943.011301,29511.475009,19385.696423,15096.255716,16706.228547,12744.139569,11087.59233,22014.038304,11778.719033,8712.609928,5671.358784,6483.114436,6971.79392,2377.789577,6446.828893,11371.621353,4520.043362,1277.603009,3351.647621,2708.24686,1812.38857,1111.826197,2495.749222,1616.549233,1739.629108,1692.009808,1185.941839,853.313263,1614.810879
2024-03,117912.017422,34491.639309,28922.274461,19596.087761,15439.494679,17500.065976,12157.246859,13404.553014,18404.468779,12253.940465,8865.755843,5593.746423,6816.664063,8415.609933,2673.659567,6925.518361,12503.281098,5878.173786,1559.683792,3510.891477,2758.703701,2018.445593,1004.657312,2390.499204,1593.804238,3060.617401,1602.59799,1298.862022,952.212523,1408.402212
2024-04,127612.567746,36694.582839,29600.636277,21483.995082,15172.469507,15873.472383,11999.722884,12832.419145,19458.760059,12558.412866,8538.083268,6209.629299,6895.400374,7378.127714,2407.198922,6799.753034,11356.979037,4136.089593,1236.650839,3477.396368,2777.280249,2098.165889,903.599546,2711.014945,1762.707173,2610.161446,1523.090628,1304.777765,1082.231364,1383.015536
2024-05,110325.678719,35945.629085,27845.812355,18169.875727,14140.612571,16090.155304,12118.072117,13460.69516,18528.116189,10685.591659,7806.047105,5770.166164,6887.943892,6739.046505,2257.76281,6998.713997,10829.07811,4753.822654,1437.361069,2903.162288,2164.663809,2129.916533,996.603214,2958.230682,1659.572284,1398.939331,1465.202702,1394.643135,860.630965,1447.119719
2024-06,116898.070507,34045.022573,27436.109971,19759.187029,14830.508815,15757.341057,11929.55639,12392.342542,19593.733045,10807.647972,7718.931683,5982.453241,5899.040889,6316.944908,2454.003602,5890.402729,11870.149422,5794.723457,1305.845379,3531.852663,2238.291174,1668.246477,838.172313,3551.459968,1599.580949,2298.430193,1311.929505,1561.865471,798.511864,2016.939943
2024-07,106486.131986,32804.921079,25874.108307,18265.491971,14209.186251,15614.118075,12242.427834,11540.938787,16448.474562,9154.052705,7477.485507,4148.85702,5972.345301,5719.375641,2142.392988,4612.709704,10542.47196,3793.439775,1081.64035,4160.45644,2358.852173,1709.055716,983.804445,2541.966685,1427.493662,1529.026954,1036.718353,1391.671801,811.943726,1236.518198
2024-08,108543.570932,33265.320855,26395.629905,14987.873046,14196.031733,12773.083226,9908.915368,11728.972783,21053.648618,7222.316552,7319.461087,5903.471534,5580.06811,6746.56556,2044.13275,5743.497082,13664.351171,3973.404707,1220.317378,3540.165622,2128.667755,1640.13793,863.284604,4041.469569,1811.441121,2389.705866,1349.039232,1539.938794,732.360461,1122.325579
2024-09,120424.010196,36379.243901,28034.512813,18988.150881,15417.063828,16597.252641,11693.392973,13061.471271,19923.818578,9837.022955,8619.555148,6503.228414,6639.692463,6288.362399,2300.391983,7660.435632,11275.015478,5055.508991,1457.07394,3658.68944,2454.950612,1648.164338,1020.061315,3682.149182,1933.099554,2041.341994,1654.622518,1534.201759,722.326245,1283.554493
2024-10,124257.384936,40147.360069,32738.266204,20805.604301,16753.464763,15898.164419,12515.583797,13196.183785,19699.593182,11334.764206,9989.933772,6427.271205,7086.219149,6896.254821,2258.96612,7039.073737,11293.221247,4832.48875,1424.474239,4403.327323,2915.339922,1849.416997,1065.622009,4765.958671,1894.464368,2286.032211,1872.939777,1677.127753,697.677287,1808.210564
2024-11,125160.468124,40419.334853,32918.56913,19957.667199,15960.868413,15806.334566,12081.762627,12960.108046,20283.435034,10373.390313,9709.544529,5778.726406,6787.664868,6932.134204,2190.445382,6950.268672,10390.300371,3952.342041,1223.70482,4897.560102,2921.318938,1885.500285,1088.097589,3250.68774,1873.555589,1640.363591,1898.246924,1417.893501,671.038467,1903.227353
2024-12,88397.844015,33840.416948,26853.501261,13174.485314,12015.389235,12704.751888,9314.880137,12310.614345,12021.961091,8434.088708,8197.148155,4766.042006,4949.485824,5257.460115,1901.917394,7731.805998,12527.375249,5089.445579,1027.054833,5704.571938,2155.881309,1550.489284,983.988112,2450.775919,1201.64138,1171.557113,1453.92707,1192.452606,483.397097,1630.388936
